"sku","fnsku","asin","product-name","condition","your-price","mfn-listing-exists","mfn-fulfillable-quantity","afn-listing-exists","afn-warehouse-quantity","afn-fulfillable-quantity","afn-unsellable-quantity","afn-reserved-quantity","afn-total-quantity","per-unit-volume","afn-inbound-working-quantity","afn-inbound-shipped-quantity","afn-inbound-receiving-quantity","afn-researching-quantity","afn-reserved-future-supply","afn-future-supply-buyable","store"
"7082037-FBA","X004Q0TYAD","B0792H61FS","Polaris Air Filter, Part 7082037","New","49.99","No",,"Yes","4","4","0","0","4","3696.1","0","0","0","0","0","0",
"A000453-FBA","X004U2NLZB","B0CGTJNMJF","Kimpex Winch Lift Kit","New","112.49","No",,"Yes","5","5","0","0","5","5760.05","0","0","0","0","0","0",
"A030004-10","X0048G3MN5","B000XSGL48","Stan's Tire Sealant 2oz. Bottle","New","18.30","No",,"Yes","1","1","0","0","1","124.87","0","0","0","0","0","0",
"A120339","X0042K79ZT","B081ZGS41K","CKX 210° Electric Upgrade Kit with Isolated Lens for Winter (NO controlled vent.) - Yellow Lens","New","209.99","No",,"Yes","9","9","0","0","9","2095.41","0","0","0","0","0","0",
"A16097-0011","X0045ATM97","B01HXVB25A","Kawasaki 16-17 Ninja Filter Assembly Oil 16097-0011 New OEM","New","24.99","No",,"Yes","1","0","1","0","1","615.66","0","0","0","0","0","0",
"A16099-003","B00DVRO0OQ","B00DVRO0OQ","Kawasaki OEM Oil Filter 16099-003 Ninja Concours ZRX Voyager KZ LTD","New","24.99","No",,"Yes","0","0","0","0","0","500.95","0","0","0","0","0","0",
"A184006","X0045VAHKJ","B07MVNY33Y","Muc-Off Nano Tech Motorcycle Cleaner 1 Liter with Trigger Safe on All Parts and Surfaces, Including Carbon Fiber and Ano","New","24.55","No",,"Yes","0","0","0","0","0","2916.73","0","0","0","0","0","0",
"A184007","X0045WOX0X","B01DVJITYK","Muc Off Nano-Tech Motorcycle Cleaner, 5 Liter - Fast-Action, Biodegradable Motorbike Cleaning Spray - Safe On All Surfaces and All Types of Motorcycle -667US","New","74.61","No",,"Yes","0","0","0","0","0","7743.87","0","0","0","0","0","0",
"A184248","X0045KI987","B09JCJ38NV","Muc-Off Powersports Drivetrain Cleaner, 16.9 fl oz - Chain Cleaner and Degreaser Spray for Motorcycle Cleaning - Advanced Motorcycle Cleaner, 500ml","New","30.68","No",,"Yes","29","0","29","0","29","1189.54","0","0","0","0","0","0",
"A274057-FBA","B0D4ZDVBY8","B0D4ZDVBY8","Kimpex Stealth Carbide Ski Wear Bar Stealth - Kimpex","New","98.99","No",,"Yes","0","0","0","0","0","1349.97","0","0","0","0","0","0",
"A2876244","X003V4PB8T","B003B02I9C","Polaris PS-4 Full Synthetic Engine Oil, 4-Stroke Engines","New","34.99","No",,"Yes","0","0","0","0","0","1351.28","0","0","0","0","0","0",
"A2877922","X003V4NQVD","B07BYCHTZZ","Polaris Demand Drive Front Gearcase and Centralized Clutch Drive Fluid, for ORVs, 2877922, 1 Quart","New","34.99","No",,"Yes","1","0","0","1","1","1327.19","0","0","0","0","0","0",
"A2878068","X003V5O3TV","B07CBF8ZHL","Polaris AGL Automatic Gearcase Lubricant and Transmission Fluid, Qty 1","New","35.97","No",,"Yes","4","0","4","0","4","1320.63","0","0","0","0","0","0",
"A2882714","X0041SG6X3","B079P7RQW7","Polaris Genuine OEM Winch Pro Heavy Duty 4500 LB for 2018 Ranger 1000 XP 2882714","New","774.00","No",,"Yes","2","2","0","0","2","29066.55","0","0","0","0","0","0",
"A2883424","B079P6Q38P","B079P6Q38P","Polaris Northstar® 30 Qt. Cooler","New","329.99","No",,"Yes","6","5","0","1","6","149999.97","0","0","0","0","0","0",
"A2885145-FBA","B09BZX8ZJQ","B09BZX8ZJQ","Polaris Storage Bag","New","99.99","No",,"Yes","5","5","0","0","5","5152.91","0","0","0","0","0","0",
"A2890018","X004CJ30KX","B09TTHW4NV","Polaris Lock & Ride Flex Adventure Rack","New","666.99","No",,"Yes","3","3","0","0","3","87605.24","0","0","0","0","0","0",
"A298926","X004UNCZSJ","B007HG3JJ4","KIMPEX Idler Wheel","New","42.29","No",,"Yes","0","0","0","0","0","539.95","0","0","0","0","0","0",
"A298933","X004UNFB8Z","B01E95QVGS","Kimpex Black - Polaris KIMPEX Idler Wheels","New","44.09","No",,"Yes","20","20","0","0","20","837.71","0","0","0","0","0","0",
"A473006-FBA","B086WGBCKQ","B086WGBCKQ","Kimpex Fender Protector Fits Can-am - 473006","New","242.99","No",,"Yes","0","0","0","0","0","45000.02","0","0","0","0","0","0",
"A60712964044","X0047EEKHZ","B073SF95SX","KTM Heated Grip Set, 1290 Super Duke, 1290 Super Adventure R and S Models, 60712964044","New","235.00","No",,"Yes","29","29","0","0","29","1963.33","0","0","0","0","0","0",
"A707594","X0045KQ821","B00A5BT6HM","Springfield Marine 1100115 Quick Mount Seat & Swivel Combo","New","60.10","No",,"Yes","47","47","0","0","47","2539.34","0","0","0","0","0","0",
"A7081648","X003WUOGLZ","B083SS3W8S","Polaris Air Filter, Part 7081648","New","33.49","No",,"Yes","1","0","1","0","1","4092.51","0","0","0","0","0","0",
"A7081706-FBA","X004Q4CXUR","B079P9VKG7","Polaris Main Airbox Filter, Part 7081706","New","59.99","No",,"Yes","10","10","0","0","10","7484.63","0","0","0","0","0","0",
"A7083107-FBA","X004Q5M2P7","B0DF2JXXXJ","Air Intake Filter, Part 7083107","New","49.99","No",,"Yes","0","0","0","0","0","2409.72","0","0","0","0","0","0",
"A730252","B000MTB742","B000MTB742","Moeller Scepter Topside Marine Fuel Tank (3.2-Gallon)","New","66.36","No",,"Yes","49","49","0","0","49","25751.94","0","0","0","0","0","0",
"A75038046110","X0045PWR7B","B01FI7QMDS","NEW KTM Enduro 75038046110 Oil Filter Service Kit 2012 – 2015 690 duke Black White","New","96.37","No",,"Yes","7","7","0","0","7","1411.42","0","0","0","0","0","0",
"A77711979000","X0045M9LWD","B07VDMDGDF","KTM Auxiliary Wiring Harness, SX, XC, XC-W, EXC-F, SX-F, XCF-W 77711979000","New","22.99","No",,"Yes","9","9","0","0","9","312.99","0","0","0","0","0","0",
"A7810499410030","X0045MG0PT","B0C82ZNQHL","KTM Factory Powerpart OEM Swingarm Protection Kit, ?7810499410030, Made of Durable Plastic Gaurds Against Swingarm Damage","New","59.99","No",,"Yes","6","6","0","0","6","2563.1","0","0","0","0","0","0",
"A78107990100","X0045MG1X5","B00OQU899O","Genuine KTM Fuel Filter, 78107990100","New","44.39","No",,"Yes","1","1","0","0","1","53.09","0","0","0","0","0","0",
"A7871390204404","X0045MBH07","B016P7F3UI","KTM FLEX BRAKE LEVER ORANGE SX XC XCW EXC 2014-2016 7871390204404","New","159.99","No",,"Yes","7","7","0","0","7","304.31","0","0","0","0","0","0",
"A79002923000","X0045MBPJP","B07C7SC6H4","Genuine KTM Lock-On Grip Set, 2016-2023 SX-F, XC-W, EXC-F 79002923000","New","42.99","No",,"Yes","2","2","0","0","2","1679.02","0","0","0","0","0","0",
"A79002923100","X0045MBMLV","B07FPTXDYK","KTM OEM Dirt Bike Grip Set, Grey, Rubber, Handlebar Grip, Dirt Bike Grips","New","38.39","No",,"Yes","0","0","0","0","0","1914.99","0","0","0","0","0","0",
"A79601994000","X0045M6MVL","B08FRPNVNK","Genuine KTM Black Fork Shoe Protection Kit 79601994000, Black, Standard","New","46.47","No",,"Yes","10","10","0","0","10","1239.19","0","0","0","0","0","0",
"A79602182044EB","X0045MJQ7D","B09J1N81SC","Genuine KTM Orange Handguard Kit 79602182044EB","New","37.99","No",,"Yes","6","6","0","0","6","5559.15","0","0","0","0","0","0",
"A802893T","B004QJQIF2","B004QJQIF2","MERCURY FILTER-FUEL OEM Mercury Outboard I/O Water Separating 25 Micron Fuel Filter Only 35-802893T, by Mercury","New","29.98","No",,"Yes","5","5","0","0","5","1146.6","0","0","0","0","0","0",
"A840065-05-FBA","X004I38JGX","B01MTFX739","Chamois Butt'r Her' Anti-Chafe Cream, 946 mL Tube","New","87.99","No",,"Yes","0","0","0","0","0","1496.96","0","0","0","0","0","0",
"A900126-01","B000QSXPL2","B000QSXPL2","Park Tool HBH-2 Handle Bar Holder","New","46.98","No",,"Yes","5","5","0","0","5","5694.18","0","0","0","0","0","0",
"A900464-01","X0045MNHL9","B001B6NEZU","Park Tool ST-3 Three-Way Socket Wrench","New","24.99","No",,"Yes","0","0","0","0","0","411.64","0","0","0","0","0","0",
"A901197-01","X0045MQRMP","B014LC7E1A","Park Tool CB-4 Bio Chainbrite Bicycle Chain & Component Cleaning Fluid - 16 fl oz/472 ml Bottle","New","25.98","No",,"Yes","0","0","0","0","0","1775.37","0","0","0","0","0","0",
"A901923-01","X0045MPU19","B07T4VDXY9","CC-4 - Chain Wear Indicator","New","37.48","No",,"Yes","5","5","0","0","5","283.17","0","0","0","0","0","0",
"A937160","B01K5L9POA","B01K5L9POA","Deluxe Warmer Grip and Thumb","New","148.49","No",,"Yes","10","10","0","0","10","2825.29","0","0","0","0","0","0",
"AA46001094000EB","X0045QZQJL","B0CBNH7MD4","Genuine KTM Fork Protector Kit, A46001094000EB","New","49.99","No",,"Yes","6","6","0","0","6","15285.03","0","0","0","0","0","0",
"AA900126-01","X004CYRT19","B000QSXPL2","Park Tool HBH-2 Handle Bar Holder","New","46.98","No",,"Yes","2","2","0","0","2","5694.18","0","0","0","0","0","0",
"AU100864","X0046I7KAB","B01GIMPAPS","Kimpex Passenger Footrest Kit","New","62.99","No",,"Yes","9","9","0","0","9","5715.97","0","0","0","0","0","0",
"AU6951716-FBA","X004GYMV63","B003ZZQF56","Genuine KTM Orange Donut Grip Set, U6951716 for 50, 65, 85, 200, 250, 300, 350, 450, 500 Models","New","14.99","No",,"Yes","2","2","0","0","2","111.43","0","0","0","0","0","0",
"AUU6910047","X0047TQYUB","B00CJCRGV8","Premium KTM Tie Down Set, U6910047, (2 Pack) Features Built-in Soft Tie Loops, Clip Hooks and Hooks","New","50.98","No",,"Yes","2","0","2","0","2","2251.42","0","0","0","0","0","0",
"AUUPP1502010-stickerless","B012E8NMQ4","B012E8NMQ4","Geniune OEM KTM Cycra Center Reach Mount Probend Handguards 125, 150, 250, 300, 350, 450, SX, XC, SX-F, XCW, XCF-W, UPP1502010","New","239.99","No",,"Yes","5","5","0","0","5","10100.82","0","0","0","0","0","0",
"FBA-000453","B073748F3M","B073748F3M","Kimpex ZD04807-M SNOWMOBILE LIFT KIMPEX","New","112.50","No",,"Yes","0","0","0","0","0","26817.76","0","0","0","0","0","0",
"FBA-021110","X004X6RL2X","B01N7FBCDC","25X10.00-12 6PR TRAIL FIGHTER KIMPEX","New","134.99","No",,"Yes","7","1","0","6","91","83349.03","0","84","0","0","0","84",
"FBA-026658","B000GZDUHO","B000GZDUHO","Dunlop D404 Rear Motorcycle Tire 170/80-15 (77H) Black Wall","New","225.39","No",,"Yes","0","0","0","0","80","66072.64","0","80","0","0","0","80",
"FBA-073647","B01EMDCYSG","B01EMDCYSG","Kimpex GEN 1 Bumper Front - Suzuki","New","296.99","No",,"Yes","1","0","1","0","10","145235.93","9","0","0","0","0","0",
"FBA-073899","B007HGH7OC","B007HGH7OC","Kimpex Footrest for Fender Guard","New","51.29","No",,"Yes","0","0","0","0","0","3514.53","0","0","0","0","0","0",
"FBA-120138","B0CPFKQ8LS","B0CPFKQ8LS","CKX Photochromic 210° Goggles Lens with adjustable Ventilation, Winter","New","84.99","No",,"Yes","52","51","0","1","52","250.07","0","0","0","0","0","0",
"FBA-120402","B081ZCNZJQ","B081ZCNZJQ","CKX Isolated Electric 210° Goggles for Trail - Matte Black Frame - Yellow Lens Part # 120402","New","203.99","No",,"Yes","0","0","0","0","0","3639.57","0","0","0","0","0","0",
"FBA-153209","B07DB1Y4MG","B07DB1Y4MG","Liqui Moly 20056 LIQUI MOLY 4T 10W-40 STREET 4L","New","65.69","No",,"Yes","0","0","0","0","1000","5986.85","1000","0","0","0","0","0",
"FBA-153288","B07DB4YKP1","B07DB4YKP1","Liqui Moly 20192 LIQUI MOLY 4T 10W40 BASIC STREET 4L","New","52.19","No",,"Yes","0","0","0","0","360","6633.16","360","0","0","0","0","0",
"FBA-155955","X004X86PHX","B08FYN9JGY","Kimpex Ice Scratcher - Long Suspension Part# 155955#","New","83.69","No",,"Yes","4","4","0","0","4","642.05","0","0","0","0","0","0",
"FBA-155957","B08FYMSXQR","B08FYMSXQR","Kimpex Ice Scratcher Rail Hooks Part# 155957#","New","22.49","No",,"Yes","1","0","1","0","1","384.77","0","0","0","0","0","0",
"FBA-173788","B0CDR23DCS","B0CDR23DCS","Kimpex Rear Bumper Rear - Steel - Fits Yamaha","New","269.99","No",,"Yes","13","13","0","0","13","71261.93","0","0","0","0","0","0",
"FBA-184006","B09RDNTVQJ","B09RDNTVQJ","Muc-Off, Nano Tech Biodegradable Cleaner, 1L, (FR/ENG)","New","22.99","No",,"Yes","0","0","0","0","0","2806.45","0","0","0","0","0","0",
"FBA-184116","B000WXRBBQ","B000WXRBBQ","Muc-Off 212 Blue Visor, Lens & Goggle Cleaner, 32. ml","New","14.60","No",,"Yes","61","60","0","1","61","71.45","0","0","0","0","0","0",
"FBA-2202166","B000M6Y2LK","B000M6Y2LK","Polaris Full Synthetic Oil Change Kit, 2202166, 2 Quarts of PS-4 Engine Oil and 1 Oil Filter","New","84.99","No",,"Yes","1","0","1","0","685","4482.03","684","0","0","0","0","0",
"FBA-233580","B01ENVCNTC","B01ENVCNTC","ATV Diamond Pattern V-Bar Tire Chain (Pair) - 233580","New","148.49","No",,"Yes","2","0","2","0","2","9985.13","0","0","0","0","0","0",
"FBA-258025","B081ZHKMLC","B081ZHKMLC","Kimpex Portable Winch Accessory Kit","New","65.69","No",,"Yes","1","1","0","0","1","6284.77","0","0","0","0","0","0",
"FBA-260610","B01IVR9BEO","B01IVR9BEO","Kimpex Mineral Engine Oil Lubricant 10W40 4 Stroke 1 Gallon ATV, Motorcycle 260610","New","42.49","No",,"Yes","240","229","1","3","244","6928.61","0","0","4","7","0","0",
"FBA-260621","B01IVRBJ5S","B01IVRBJ5S","Kimpex Synthetic Engine Oil Lubricant 10W40 4 Stroke 1 Gallon ATV, Motorcycle 260621","New","50.09","No",,"Yes","948","902","8","29","952","6904.36","0","0","4","9","0","0",
"FBA-27-L526","X004XZCR8H","B001EB9XZC","Motul 5100-Ester 15w50 Syn Blend, 4L","New","71.93","No",,"Yes","41","37","0","0","44","6087.3","0","0","3","4","0","0",
"FBA-271872","B0CV4JKT68","B0CV4JKT68","Kimpex Carbide Runner for Plastic Ski Old Plastic Ski *see bolt pattern - Fits Arctic cat","New","77.39","No",,"Yes","0","0","0","0","0","2393.99","0","0","0","0","0","0",
"FBA-274074","B0D4ZB9DWH","B0D4ZB9DWH","Kimpex Carbide Runner Old Plastic Ski *see bolt pattern - Fits Arctic cat","New","89.99","No",,"Yes","0","0","0","0","0","922.1","0","0","0","0","0","0",
"FBA-274463","B0CV4MD5FH","B0CV4MD5FH","Kimpex Carbide Runner Fits Yamaha, Fits Kawasaki","New","89.99","No",,"Yes","0","0","0","0","0","549.95","0","0","0","0","0","0",
"FBA-274473","B0CV4KDW7Z","B0CV4KDW7Z","Kimpex Carbide Runner Fits Ski-doo, Fits Kawasaki","New","89.99","No",,"Yes","0","0","0","0","0","549.95","0","0","0","0","0","0",
"FBA-279850","B00AARGOLW","B00AARGOLW","Kimpex Voltage Regulator Rectifier Fits Ski-doo - 01-154-16 Part# 01-154-16","New","41.40","No",,"Yes","1","1","0","0","1","392.47","0","0","0","0","0","0",
"FBA-280105","B0CGTQ1YXY","B0CGTQ1YXY","Kimpex Windshield Fits Polaris","New","125.99","No",,"Yes","0","0","0","0","0","234.66","0","0","0","0","0","0",
"FBA-283482","B0055DMVPY","B0055DMVPY","Kimpex 12-180-04 HITCH RING","New","49.49","No",,"Yes","0","0","0","0","0","300.05","0","0","0","0","0","0",
"FBA-283989","X004X7Y0TJ","B000GU0YIC","Kimpex Deluxe Mirror with Protector Bolt-on Part# 12-165-06","New","56.69","No",,"Yes","7","7","0","0","7","4811.41","0","0","0","0","0","0",
"FBA-2862625","B091TZC1YG","B091TZC1YG","Polaris Freestyle Rocker","New","189.99","No",,"Yes","0","0","0","0","160","61529.66","128","32","0","0","0","32",
"FBA-2876244","X004X85KQZ","B003B02I9C","Polaris PS-4 Full Synthetic Engine Oil, 4-Stroke Engines","New","34.99","No",,"Yes","36","28","0","8","36","1351.28","0","0","0","0","0","0",
"FBA-2876245","B08174F96V","B08174F96V","Polaris PS-4 Full Synthetic 5W-50 All-Season Engine Oil, 4-Stroke Engines","New","87.99","No",,"Yes","4","0","1","1","5","6190.05","0","0","1","2","0","0",
"FBA-2877473","B07Z749RT6","B07Z749RT6","Polaris Full Synthetic Oil Change Kit, 2877473, 2 Quarts of PS-4 Engine Oil and 1 Oil Filter","New","84.99","No",,"Yes","647","615","8","24","648","4471.37","0","0","1","0","0","0",
"FBA-2877882","B0817DPW73","B0817DPW73","Polaris VES Full Synthetic 2-Cycle Oil, For 2-Stroke Snowmobiles","New","24.99","No",,"Yes","0","0","0","0","0","1973.33","0","0","0","0","0","0",
"FBA-2877883","X004X86U7N","B00JJZGD4O","Polaris Snowmobile VES Full Synthetic 2-Cycle Oil, For 2-Stroke Snowmobiles, 1 Gallon - 2877883-CA","New","94.99","No",,"Yes","144","140","2","1","144","6589.89","0","0","0","1","0","0",
"FBA-2877884","X004XXTVRT","B0817DK2LQ","Polaris VES Full Synthetic 2-Cycle Oil, For 2-Stroke Snowmobiles","New","224.99","No",,"Yes","0","0","0","0","8","33036.32","0","8","0","0","0","8",
"FBA-2877922","B07BYCHTZZ","B07BYCHTZZ","Polaris Demand Drive Front Gearcase and Centralized Clutch Drive Fluid, for ORVs, 2877922, 1 Quart","New","44.99","No",,"Yes","106","102","0","3","106","1327.19","0","0","0","1","0","0",
"FBA-2878068","B07CBF8ZHL","B07CBF8ZHL","Polaris AGL Automatic Gearcase Lubricant and Transmission Fluid, Qty 1","New","44.99","No",,"Yes","546","542","0","4","558","1320.63","0","0","12","0","0","0",
"FBA-2879323","B00OABTK9W","B00OABTK9W","Polaris Full Synthetic Oil Change Kit, 2879323, 2.5 Quarts of PS-4 Engine Oil and 1 Oil Filter","New","94.99","No",,"Yes","171","159","3","9","365","10794.65","188","0","6","0","0","0",
"FBA-2879600","X004X87EBJ","B00NHY745A","Victory Motorcycle Oil Change Kit 2879600","New","137.99","No",,"Yes","0","0","0","0","0","7883.82","0","0","0","0","0","0",
"FBA-288048","B019E93KK4","B019E93KK4","Kimpex Jack Roller Cart","New","252.00","No",,"Yes","0","0","0","0","0","40455.07","0","0","0","0","0","0",
"FBA-2880513","B079NMYQGP","B079NMYQGP","Polaris 50/50 Premix Extended Life Antifreeze, Snowmobiles and ORV Aluminum Cooling Systems","New","54.99","No",,"Yes","137","131","0","6","159","6159.08","0","0","22","0","0","0",
"FBA-288065","B08H5K3SJX","B08H5K3SJX","Kimpex Jack Roller Dolly Part# 288065#","New","261.00","No",,"Yes","0","0","0","0","0","34272.07","0","0","0","0","0","0",
"FBA-2881696","B016C2F65I","B016C2F65I","Polaris Full Synthetic Oil Change Kit, 2881696, 3 Quarts of PS-4 Engine Oil and 1 Oil Filter","New","84.49","No",,"Yes","11","0","11","0","11","6447.16","0","0","0","0","0","0",
"FBA-2882202","X004XXTQBF","B0767M7GGY","Polaris Blue Synthetic Blend 2-Cycle Oil, for Polaris 2-Stroke Snowmobiles, 2882202, 1 Gallon","New","69.99","No",,"Yes","0","0","0","0","0","6446.34","0","0","0","0","0","0",
"FBA-2883424","B079P6Q38P","B079P6Q38P","Polaris Northstar® 30 Qt. Cooler","New","329.99","No",,"Yes","6","5","0","1","6","149999.97","0","0","0","0","0","0",
"FBA-2883732","X004X8793R","B07HCNFCK3","Polaris VES Extreme Highest Performance Full Synthetic 2-Cycle Oil, 2-Stroke Snowmobiles","New","105.99","No",,"Yes","83","80","0","2","83","6254.29","0","0","0","1","0","0",
"FBA-2883733","B07NRKLZLP","B07NRKLZLP","Polaris VES Extreme Highest Performance Full Synthetic 2-Cycle Oil, 2-Stroke Snowmobiles","New","34.99","No",,"Yes","47","47","0","0","47","1339.48","0","0","0","0","0","0",
"FBA-2884171","B0BDSK6CLM","B0BDSK6CLM","Polaris PowerPlus Oil Change Kit, Fits Indian PowerPlus, 2884171, 5 Quarts of Full Synthetic 15W60 Motor Oil, 1 Oil Filter, 1 Washer, 1 O-Ring","New","164.97","No",,"Yes","12","10","1","1","35","11438.99","23","0","0","0","0","0",
"FBA-2889311","B0148VWXKQ","B0148VWXKQ","Polaris Thunderstroke Oil Change Kit, Fits Thunderstroke 111 and 116 engines, Part 2889311, 6 Quarts of 20W-40 Semi-Synthetic Motor Oil, 1 Oil Filter & 2 Washers","New","153.99","No",,"Yes","3","0","2","0","63","14064.03","60","0","0","1","0","0",
"FBA-298926","B007HG3JJ4","B007HG3JJ4","KIMPEX Idler Wheel","New","42.29","No",,"Yes","0","0","0","0","0","539.95","0","0","0","0","0","0",
"FBA-298933","X004X833M3","B01E95QVGS","Kimpex Black - Polaris KIMPEX Idler Wheels","New","44.09","No",,"Yes","0","0","0","0","0","837.71","0","0","0","0","0","0",
"FBA-303219","B0022ZI5B2","B0022ZI5B2","Kimpex Recoil Starter Spring Part# 303219#","New","14.39","No",,"Yes","0","0","0","0","0","781.5","0","0","0","0","0","0",
"FBA-3211113","B01MU7MDA0","B01MU7MDA0","Polaris ORV Drive Belt, for Ebs Clutch, Part 3211113","New","142.99","No",,"Yes","2","2","0","0","2","2909.2","0","0","0","0","0","0",
"FBA-3211216","X004X857WH","B07K4WNSQP","Polaris Drive Belt, Part 3211216","New","256.49","No",,"Yes","0","0","0","0","0","2603.41","0","0","0","0","0","0",
"FBA-340056-03","X004YSWMK1","B0063R4R4O","Park PP-1.2 Hydraulic Brake Piston Press","New","33.95","No",,"Yes","26","25","0","1","26","715.95","0","0","0","0","0","0",
"FBA-340311-02","X004XPQEDL","B00W4HLIDA","Park Tool CWP-7C Universal Crank Puller","New","24.99","No",,"Yes","1","0","1","0","1","811.16","0","0","0","0","0","0",
"FBA-340570","X004XG4CCF","B0009XSP7I","Park Tool AWS-1 Hex Wrench Set, Y-Design, 4mm, 5mm and 6mm","New","24.99","No",,"Yes","0","0","0","0","0","519.63","0","0","0","0","0","0",
"FBA-340572","B000C17IAM","B000C17IAM","Park Tool AWS-10 Fold-Up Hex Wrench Set, 1.5mm to 6mm","New","19.99","No",,"Yes","0","0","0","0","150","315.78","150","0","0","0","0","0",
"FBA-340596-03","B014LC7HS0","B014LC7HS0","Park Tool HPG-1 High Performance Grease Tool 113 g,Blue, Bule","New","20.99","No",,"Yes","33","30","0","3","33","416.23","0","0","0","0","0","0",
"FBA-340599-02","X004XG59NB","B014LC7E1A","Park Tool CB-4 Bio Chainbrite Bicycle Chain & Component Cleaning Fluid - 16 fl oz/472 ml Bottle","New","25.99","No",,"Yes","0","0","0","0","150","1775.37","150","0","0","0","0","0",
"FBA-340603-01","B000OZBINY","B000OZBINY","Park Tool Professional Cable and Housing Cutter","New","49.94","No",,"Yes","15","13","0","2","17","442.45","0","0","2","0","0","0",
"FBA-340605-03","B06ZYFVDJQ","B06ZYFVDJQ","Park Tool FR-5.2GT Cassette Locking Tool with Pin 12 mm","New","26.98","No",,"Yes","0","0","0","0","0","353.96","0","0","0","0","0","0",
"FBA-340630","X004XG8FC3","B07Z8JH85V","Park Tool CG-2.4 - Chaingang Cleaning System,Blue","New","55.00","No",,"Yes","1","0","0","1","361","2339.09","360","0","0","0","0","0",
"FBA-340671-04","X004XG699T","B07T4VDXY9","CC-4 - Chain Wear Indicator","New","37.48","No",,"Yes","73","73","0","0","73","283.17","0","0","0","0","0","0",
"FBA-340677-02","B01N0XWS64","B01N0XWS64","Park Tool TW-6.2 Ratcheting Torque Wrench 10-60Nm Drive Tool 3/8-Inch","New","151.00","No",,"Yes","20","20","0","0","20","1394.54","0","0","0","0","0","0",
"FBA-341700-05","B0D8LWR8TJ","B0D8LWR8TJ","Park Tool, PFP-10, Floor Pump, 160psi, Blue","New","77.99","No",,"Yes","0","0","0","0","36","20042.03","0","36","0","0","0","36",
"FBA-353-0906","B0012TZ2CE","B0012TZ2CE","Maxima Racing Oils 10920 Quick-2-Mix Oil/Gas Ratio Mixing Bottle - 20 oz. Capacity","New","8.99","No",,"Yes","3","0","0","0","3","933.9","0","0","0","3","0","0",
"FBA-3609-0002","B000WK8XEI","B000WK8XEI","Maxima 55901 10WT Standard Hydraulic Fork Oil - 1 Liter Bottle","New","26.95","No",,"Yes","10","0","3","1","130","1817.49","120","0","0","6","0","0",
"FBA-370291","B00KFJM32E","B00KFJM32E","Kimpex Snowmobile Muffs with Window 370291","New","85.49","No",,"Yes","0","0","0","0","0","14543.03","0","0","0","0","0","0",
"FBA-402110","B08FF77R9M","B08FF77R9M","Kimpex Connect Adventure Tunnel Bag 8L to 22L Adventure Tunnel Bag KIMPEX","New","186.99","No",,"Yes","0","0","0","0","0","21237.63","0","0","0","0","0","0",
"FBA-402200","X0051L7GFL","B08GY28J41","Kimpex Connect Mounting Base","New","36.99","No",,"Yes","0","0","0","0","0","1165.94","0","0","0","0","0","0",
"FBA-458050","B0752P3YCP","B0752P3YCP","KIMPEX 458000 Black Nomad Trunk Rear","New","395.99","No",,"Yes","54","0","1","49","99","235696.12","45","0","0","4","0","0",
"FBA-61338015200","B07FPR1ZMM","B07FPR1ZMM","KTM GENUINE OEM OIL FILTER 61338015200","New","30.22","No",,"Yes","69","69","0","0","69","293.82","0","0","0","0","0","0",
"FBA-709615","B000RZR7IG","B000RZR7IG","Sierra HA5430H SeaStar/BayStar Hydraulic Steering Fluid - 1 Quart","New","47.00","No",,"Yes","33","33","0","0","333","1547.59","300","0","0","0","0","0",
"FBA-710867","B07DHSYGTS","B07DHSYGTS","Sierra Premium Blend 4 Cycle Oil 10W-30 (3.78L) 18-9420-3","New","57.99","No",,"Yes","10","10","0","0","62","5894.75","52","0","0","0","0","0",
"FBA-730253","B004APE3CC","B004APE3CC","Scepter Neptune Portable 6 Gallon Fuel Tank, Red","New","69.49","No",,"Yes","0","0","0","0","40","42767.94","0","40","0","0","0","40",
"FBA-78102924000","B012DXO5BG","B012DXO5BG","KTM Closed Lock On Hand Grip Set, 300, 350, 450, 500, XC, XC-W, SX-F, EXC-F, 1999-2016 (78102924000)","New","40.45","No",,"Yes","0","0","0","0","0","1889.59","0","0","0","0","0","0",
"FBA-79006015000A","X004XPXE2P","B07H1KNZWF","KTM Pre-Oiled Foam Air Filter (KTM 2016-2022) (125-530) - 79006015000A","New","49.99","No",,"Yes","0","0","0","0","110","7218.17","110","0","0","0","0","0",
"FBA-802893T","X004X845K7","B004QJQIF2","MERCURY FILTER-FUEL OEM Mercury Outboard I/O Water Separating 25 Micron Fuel Filter Only 35-802893T, by Mercury","New","29.99","No",,"Yes","50","46","0","2","50","1146.6","0","0","0","2","0","0",
"FBA-840016-01","X004X6N74T","B000HZGTUS","Chamois Butt'r Original Anti-Chafe Cream, 8 ounce tube","New","23.56","No",,"Yes","5","0","1","1","5","779.7","0","0","0","3","0","0",
"FBA-840017-01","X004X81EG5","B001C69L6K","Chamois Butt'r Eurostyle Anti-Chafe Cream, 8 ounce jar","New","29.37","No",,"Yes","3","0","0","3","3","609.27","0","0","0","0","0","0",
"FBA-840065-01","X004X83NV9","B00D535IAG","Chamois Butt'r Her' Anti-Chafe Cream, 8 ounce tube","New","22.94","No",,"Yes","126","106","0","19","126","808.21","0","0","0","1","0","0",
"FBA-866340K01","X004X7YX41","B00AXYM1FU","MERCURY Marine Mercruiser Oil Filter 3.0L 4.3L V6 5.7 350 V8 35-866340K01","New","34.99","No",,"Yes","226","223","1","0","230","1135.62","0","0","4","2","0","0",
"FBA-8M0072135","B001QFDH9O","B001QFDH9O","MERCURY PRECISION PARTS 91-802891K2 QUART GEARLUBE PUMP FOR MARINE ENGINES, Mercury","New","23.80","No",,"Yes","87","86","0","1","87","1205.1","0","0","0","0","0","0",
"FBA-901197-01","X004X88ZCB","B014LC7E1A","Park Tool CB-4 Bio Chainbrite Bicycle Chain & Component Cleaning Fluid - 16 fl oz/472 ml Bottle","New","25.99","No",,"Yes","0","0","0","0","0","1775.37","0","0","0","0","0","0",
"FBA-902290-01","B097DZ9XRG","B097DZ9XRG","Park Tool Unisex's PCS-10.3 Workstand, Blue, One Size","New","309.54","No",,"Yes","0","0","0","0","40","28041.71","20","20","0","0","0","20",
"FBA-90238015010","B00W87DYBU","B00W87DYBU","NEW KTM OIL FILTER SERVICE KIT 2014 2015 2016 RC 390 DUKE 90238015010","New","40.12","No",,"Yes","6","5","0","1","6","777.57","0","0","0","0","0","0",
"FBA-902601-01","B0BH9CCGXW","B0BH9CCGXW","Park Tool EP-1 End Cap Crimping Pliers for Bicycle Cables","New","41.99","No",,"Yes","0","0","0","0","0","435.57","0","0","0","0","0","0",
"FBA-AFW13","B07L8PVJ9N","B07L8PVJ9N","Wiper Blades All-Weather Windshield Wipers Multi-Fit AeroFlex Wiper (black, 33.0, Centimeters)","New","14.99","No",,"Yes","0","0","0","0","0","737.42","0","0","0","0","0","0",
"FBA-AFW14","B07L8DRQ16","B07L8DRQ16","Wiper Blades All-Weather Windshield Wipers Multi-Fit AeroFlex Wiper (black, 36.0, Centimeters)","New","14.99","No",,"Yes","0","0","0","0","0","737.42","0","0","0","0","0","0",
"FBA-AFW14-1","X0052JRBRF","B07L8DRQ16","Wiper Blades All-Weather Windshield Wipers Multi-Fit AeroFlex Wiper (black, 36.0, Centimeters)","New","16.99","No",,"Yes","0","0","0","0","0","737.42","0","0","0","0","0","0",
"FBA-AFW15","B07L8NNSC3","B07L8NNSC3","Wiper Blades All-Weather Windshield Wipers Multi-Fit AeroFlex Wiper (black, 38.0, Centimeters)","New","14.99","No",,"Yes","0","0","0","0","0","737.42","0","0","0","0","0","0",
"FBA-AFW15-1","X0052LQNM7","B07L8NNSC3","Wiper Blades All-Weather Windshield Wipers Multi-Fit AeroFlex Wiper (black, 38.0, Centimeters)","New","16.99","No",,"Yes","0","0","0","0","0","737.42","0","0","0","0","0","0",
"FBA-AFW16","B07L8PC5CM","B07L8PC5CM","Wiper Blades All-Weather Windshield Wipers Multi-Fit AeroFlex Wiper (Pack Of 1) (16"")","New","14.99","No",,"Yes","0","0","0","0","0","737.42","0","0","0","0","0","0",
"FBA-AFW16-1","X0052LMRXB","B07L8PC5CM","Wiper Blades All-Weather Windshield Wipers Multi-Fit AeroFlex Wiper (Pack Of 1) (16"")","New","16.99","No",,"Yes","0","0","0","0","0","737.42","0","0","0","0","0","0",
"FBA-AFW17","B07L8NLFJY","B07L8NLFJY","Wiper Blades All-Weather Windshield Wipers Multi-Fit AeroFlex Wiper (black, 43.0, Centimeters)","New","14.99","No",,"Yes","0","0","0","0","0","737.42","0","0","0","0","0","0",
"FBA-AFW17-1","X0052LRSLR","B07L8NLFJY","Wiper Blades All-Weather Windshield Wipers Multi-Fit AeroFlex Wiper (black, 43.0, Centimeters)","New","16.99","No",,"Yes","0","0","0","0","0","737.42","0","0","0","0","0","0",
"FBA-AFW18","B07L8QKYSP","B07L8QKYSP","Wiper Blades All-Weather Windshield Wipers Multi-Fit AeroFlex Wiper (black, 46.0, Centimeters)","New","15.99","No",,"Yes","0","0","0","0","0","737.42","0","0","0","0","0","0",
"FBA-AFW18-1","X0052LDUK5","B07L8QKYSP","Wiper Blades All-Weather Windshield Wipers Multi-Fit AeroFlex Wiper (black, 46.0, Centimeters)","New","16.99","No",,"Yes","0","0","0","0","0","737.42","0","0","0","0","0","0",
"FBA-AFW19","B07L8N163Y","B07L8N163Y","Wiper Blades All-Weather Windshield Wipers Multi-Fit AeroFlex Wiper (black, 48.0, Centimeters)","New","15.99","No",,"Yes","0","0","0","0","0","737.42","0","0","0","0","0","0",
"FBA-AFW19-1","X0052LRUW9","B07L8N163Y","Wiper Blades All-Weather Windshield Wipers Multi-Fit AeroFlex Wiper (black, 48.0, Centimeters)","New","16.99","No",,"Yes","0","0","0","0","0","737.42","0","0","0","0","0","0",
"FBA-AFW20","B07L8NB5FQ","B07L8NB5FQ","Wiper Blades All-Weather Windshield Wipers Multi-Fit AeroFlex Wiper (Pack Of 1) (20"")","New","15.99","No",,"Yes","0","0","0","0","0","737.42","0","0","0","0","0","0",
"FBA-AFW20-1","X0052LMOMF","B07L8NB5FQ","Wiper Blades All-Weather Windshield Wipers Multi-Fit AeroFlex Wiper (Pack Of 1) (20"")","New","16.99","No",,"Yes","0","0","0","0","0","737.42","0","0","0","0","0","0",
"FBA-AFW21","B07L8MRZ37","B07L8MRZ37","Wiper Blades All-Weather Windshield Wipers Multi-Fit AeroFlex Wiper (black, 53.0, Centimeters)","New","15.99","No",,"Yes","0","0","0","0","0","737.42","0","0","0","0","0","0",
"FBA-AFW21-1","X0052LRRQX","B07L8MRZ37","Wiper Blades All-Weather Windshield Wipers Multi-Fit AeroFlex Wiper (black, 53.0, Centimeters)","New","16.99","No",,"Yes","0","0","0","0","0","737.42","0","0","0","0","0","0",
"FBA-AFW24","B07L8NH6R5","B07L8NH6R5","Wiper Blades All-Weather Windshield Wipers Multi-Fit AeroFlex Wiper (black, 61.0, Centimeters)","New","16.99","No",,"Yes","0","0","0","0","0","737.42","0","0","0","0","0","0",
"FBA-AFW24-1","X0052JNMCD","B07L8NH6R5","Wiper Blades All-Weather Windshield Wipers Multi-Fit AeroFlex Wiper (black, 61.0, Centimeters)","New","16.99","No",,"Yes","0","0","0","0","0","737.42","0","0","0","0","0","0",
"FBA-AFW26","B07L8MQ68H","B07L8MQ68H","Wiper Blades All-Weather Windshield Wipers Multi-Fit AeroFlex Wiper (black, 66.0, Centimeters)","New","16.99","No",,"Yes","0","0","0","0","0","737.42","0","0","0","0","0","0",
"FBA-AFW26-1","X0052HK14H","B07L8MQ68H","Wiper Blades All-Weather Windshield Wipers Multi-Fit AeroFlex Wiper (black, 66.0, Centimeters)","New","16.99","No",,"Yes","0","0","0","0","0","737.42","0","0","0","0","0","0",
"FBA-AFW28","B0GPDC12WR","B0GPDC12WR","Wiper Blades All-Weather Windshield Wipers Multi-Fit AeroFlex Wiper (black, 71.0, Centimeters)","New","16.99","No",,"Yes","0","0","0","0","0","737.42","0","0","0","0","0","0",
"FBA-AFW28-1","X0052JSXX1","B0GPDC12WR","Wiper Blades All-Weather Windshield Wipers Multi-Fit AeroFlex Wiper (black, 71.0, Centimeters)","New","16.99","No",,"Yes","0","0","0","0","0","737.42","0","0","0","0","0","0",
"FBA-CB68843","X0050ANRUB","B0108E5XQI","Honda Pro GN4 4-Stroke Motor Oil 10W-40 1 Gallon - Twin Pack","New","136.99","No",,"Yes","46","39","0","6","73","36864.01","0","0","27","1","0","0",
"FBA-CB68843-2","X0051JA353","B0108E5XQI","Honda Pro GN4 4-Stroke Motor Oil 10W-40 1 Gallon - Twin Pack","New","134.99","No",,"Yes","0","0","0","0","0","36864.01","0","0","0","0","0","0",
"FBA-CB68844","X004XZC3QD","B00NO0QZMU","Honda Pro GN4 Motor Oil - 10W30-1 Gallon/-","New","59.83","No",,"Yes","0","0","0","0","0","8113.24","0","0","0","0","0","0",
"FBA-MOT10","X004X8894F","B00CMZQMKS","Motul DOT 5.1 Synthetic Brake Fluid - Non-Silicone Based Formula, 500ml Bottle (100951)","New","20.75","No",,"Yes","65","60","0","4","316","800.67","240","0","11","1","0","0",
"FBA-U6910046","X004Y43ZFL","B00CJCSIIS","Premium KTM Soft Tie Down Set with Hooks (2 Pack), U6910046, Features Coated Steel Hooks and Soft Tie Loops","New","58.99","No",,"Yes","56","54","0","2","56","1971.36","0","0","0","0","0","0",
"FBA-U6910047","B00CJCRGV8","B00CJCRGV8","Premium KTM Tie Down Set, U6910047, (2 Pack) Features Built-in Soft Tie Loops, Clip Hooks and Hooks","New","57.99","No",,"Yes","10","9","0","1","10","2251.42","0","0","0","0","0","0",
"FBA-U6910048","X004Y49E5L","B00CJCQDK8","Premium KTM Soft Tie Downs with Ratchet and Clip Hooks (2 Pack), U6910048","New","68.39","No",,"Yes","39","30","2","6","39","2560.64","0","0","0","1","0","0",
"FBA-U6913020","X004XKWJX5","B0CCQMHXVF","KTM/Motorex Air Filter Cleaner (1.0L) - U6913020","New","24.99","No",,"Yes","63","62","0","1","63","1566.11","0","0","0","0","0","0",
"FBA-U6913023","X004X89VSN","B00JODH458","Motorex Cross Power 4T Full Syn 10W50 HP Oil 4 liter Jug for KTM 4 Strokes (401-401/401-400)","New","107.99","No",,"Yes","92","92","0","0","123","6290.5","0","0","31","0","0","0",
"FBA-U6913033","B0C8WC1YBZ","B0C8WC1YBZ","KTM POWER SYNT 4T 10W/50 4L U6913033","New","107.99","No",,"Yes","134","134","0","0","135","6181.2","0","0","1","0","0","0",
"FBA-U6920027","B09J1PRDWL","B09J1PRDWL","KTM/Motorex Top Speed 4T 15W/50 (1.0L) - U6920027","New","28.99","No",,"Yes","95","86","0","7","135","1545.14","0","0","40","2","0","0",
"FBA-U6920035","X004XL010H","B0C8WP4GXV","KTM/Motorex Coolant M3.0 Ready to Use (1.0L) - U6920035","New","29.99","No",,"Yes","58","50","1","6","108","1505.15","50","0","0","1","0","0",
"FBA-U6921040","X004XPUEEV","B0BZQFNT4X","KTM/Motorex Oil Change Kit (1.0L)","New","42.99","No",,"Yes","1","0","0","1","1","4370.27","0","0","0","0","0","0",
"FBA-U6921041","X004XPV9SB","B0C954HXVM","KTM/Motorex OCK 1.2L","New","49.99","No",,"Yes","0","0","0","0","18","4186.24","18","0","0","0","0","0",
"Uncommingled.MSKU.1694718666654","X003WT9Z6H","B096MQZ2P9","Indian Motorcycle Wheel Bearing Spacer, Rear, Right, Genuine OEM Part 5634186, Qty 1","New","12.99","No",,"Yes","1","1","0","0","1",,"0","0","0","0","0","0",
